{
  "training_completed": true,
  "total_epochs": 4,
  "final_train_loss": 1.5907916843546608,
  "final_val_loss": 1.4676977097988129,
  "best_val_loss": 1.4676977097988129,
  "best_val_epoch": 4,
  "total_training_time": 575.5719411373138,
  "avg_epoch_time": 143.89298528432846,
  "epoch_details": [
    {
      "epoch": 1,
      "train_loss": 1.8422748456800604,
      "val_loss": 1.552915564992211,
      "learning_rate": 0.0005230500000000011,
      "epoch_time": 144.00209522247314,
      "train_batches": 173,
      "val_batches": 44
    },
    {
      "epoch": 2,
      "train_loss": 1.6396666565382412,
      "val_loss": 1.498533695936203,
      "learning_rate": 0.0006000000000000017,
      "epoch_time": 143.71322178840637,
      "train_batches": 173,
      "val_batches": 44
    },
    {
      "epoch": 3,
      "train_loss": 1.6011785999198869,
      "val_loss": 1.4843369315971027,
      "learning_rate": 0.0006000000000000017,
      "epoch_time": 143.9679479598999,
      "train_batches": 173,
      "val_batches": 44
    },
    {
      "epoch": 4,
      "train_loss": 1.5907916843546608,
      "val_loss": 1.4676977097988129,
      "learning_rate": 0.0006000000000000017,
      "epoch_time": 143.88867616653442,
      "train_batches": 173,
      "val_batches": 44
    }
  ],
  "config": {
    "model_name": "Salesforce/instructblip-flan-t5-xl",
    "device": "cuda",
    "torch_dtype": "float32",
    "lora_r": 8,
    "lora_alpha": 16,
    "lora_dropout": 0.1,
    "target_modules": [
      "query",
      "key",
      "value",
      "dense"
    ],
    "learning_rate": 0.0006,
    "batch_size": 12,
    "num_epochs": 4,
    "warmup_steps": 200,
    "weight_decay": 0.0,
    "max_grad_norm": 0.8,
    "train_split": 0.8,
    "val_split": 0.2,
    "random_seed": 42,
    "save_dir": "checkpoints/grid_v3_ultra_batch_conservative_SKIPPED_20250724_041701",
    "log_every": 10,
    "save_every_epoch": true,
    "max_samples": 2068,
    "start_factor": 0.05,
    "rsicap_captions_file": "data/rsgpt_dataset/RSICap/captions.json",
    "rsicap_images_dir": "data/rsgpt_dataset/RSICap/images"
  }
}